index,image,source_family,bolt_boxes,nut_boxes,ignored_boxes,nearest_training_phash_distance,review_status,review_notes
1,test/images/benchmark_v2_1583defdb613_963cfced9b56.jpg,15_jpg,0,3,0,16,reviewed,
2,test/images/benchmark_v2_6940ba79ebf2_33cbab85132b.jpg,1d0320bf-bf67-4182-ba9f-415164bc9d00_jpg,1,1,0,12,reviewed,
3,test/images/benchmark_v2_e7fcaa418c4c_0b064a507fe5.jpg,22_jpg,0,1,0,16,reviewed,
4,test/images/benchmark_v2_5a475bb81c9a_7257b7b4be63.jpg,360_F_114226604_mcwbWAkB8SInyFHz2gKPNytMT9sQ944m_jpg,0,1,0,12,reviewed,
5,test/images/benchmark_v2_580e199a5239_db78422ec584.jpg,61AFE-EX-IL_jpg,0,0,1,14,reviewed,
6,test/images/benchmark_v2_630acff1a4a6_1d280e9300d9.jpg,61thktpOQeL_jpg,0,0,2,14,reviewed,
7,test/images/benchmark_v2_257e97fc019d_d1823114be46.jpg,62c3feb556be1_png,0,33,0,16,reviewed,
8,test/images/benchmark_v2_580eb35bb31a_963ccccf92b5.jpg,Coneloc-Nuts-Metric-Grade-10-Zinc-Plate_jpeg,0,12,1,16,reviewed,
9,test/images/benchmark_v2_3f7a2feb4622_9fe634c6045c.jpg,IMG_4735_png,6,6,6,14,reviewed,
10,test/images/benchmark_v2_3a3c34d55804_19c6d61c2741.jpg,IMG_4736_png,6,6,6,16,reviewed,
11,test/images/benchmark_v2_d29d0056959c_2cfbb0ebfaac.jpg,IMG_4737_png,6,6,6,16,reviewed,
12,test/images/benchmark_v2_9b3b0cca938c_9248ec6f9144.jpg,IMG_4738_png,6,4,7,14,reviewed,
13,test/images/benchmark_v2_f4d2d30eec85_c54807f61f0a.jpg,IMG_4739_png,6,5,6,14,reviewed,
14,test/images/benchmark_v2_5627f38b6aff_49585eedfc42.jpg,IMG_4740_png,5,5,5,16,reviewed,
15,test/images/benchmark_v2_07b4aec93457_1ab8b3cf4e52.jpg,IMG_4741_png,2,1,2,14,reviewed,
16,test/images/benchmark_v2_6093b3cde45e_fbc5a40574e8.jpg,IMG_4742_png,5,3,3,14,reviewed,
17,test/images/benchmark_v2_e987a1dba32d_3cc2baca13dd.jpg,IMG_4743_png,2,3,2,16,reviewed,
18,test/images/benchmark_v2_e9a40941af5d_4883dd0eacae.jpg,IMG_4744_png,4,3,4,16,reviewed,
19,test/images/benchmark_v2_89d1841b84f3_2c86c464a03b.jpg,IMG_4745_png,4,3,4,16,reviewed,
20,test/images/benchmark_v2_ab967447fbbf_e388ec34ef97.jpg,IMG_4746_png,4,3,4,16,reviewed,
21,test/images/benchmark_v2_7539a041994b_8c2b8685fcd9.jpg,IMG_4748_png,0,1,19,14,reviewed,
22,test/images/benchmark_v2_02d4aab77a4a_b33d54a7e82b.jpg,IMG_4749_png,0,1,19,14,reviewed,
23,test/images/benchmark_v2_89efd32af2dd_adb9ae958b34.jpg,IMG_4750_png,0,1,19,18,reviewed,
24,test/images/benchmark_v2_47c6b94b05f4_e440ce443f2e.jpg,IMG_4751_png,0,1,18,14,reviewed,
25,test/images/benchmark_v2_2099037f79c7_350f66d25bc4.jpg,IMG_4752_png,0,1,19,14,reviewed,
26,test/images/benchmark_v2_01a272158d17_63b0d78b374c.jpg,Manufacturer-M8-M10-Stainless-Steel-Dome-Wheel-Nut-Flange-Nuts-Rivet-Nuts-Hexagon-Nut-Spring-Nut-Lock-Nut-Bolts-and-Nuts-Hexagon-Hex-Bolt-and-Nut-Bolts-and-Nuts_avif,0,41,0,16,reviewed,
27,test/images/benchmark_v2_f91add3da992_7ceef5bb878b.jpg,Nuts-and-bolts_jpg,2,2,0,16,reviewed,
28,test/images/benchmark_v2_53062d430a16_6a8fdae4e531.jpg,assembly_png,1,1,1,14,reviewed,
29,test/images/benchmark_v2_d94f7910f87f_150de75e5527.jpg,bolt-4571040_1280_jpg,0,1,0,12,reviewed,
30,test/images/benchmark_v2_3d386eb64ccf_e473cfa64591.jpg,download-1-_jpeg,0,0,21,16,reviewed,
31,test/images/benchmark_v2_75464c57a455_c2b9d35d0ad4.jpg,download-2-_jpeg,0,0,1,14,reviewed,
32,test/images/benchmark_v2_6607b2ff809a_5103fdbc2e89.jpg,download-3-_jpeg,0,0,3,14,reviewed,
33,test/images/benchmark_v2_f5f761f0c411_3d482c182706.jpg,download-4-_jpeg,0,0,10,12,reviewed,
34,test/images/benchmark_v2_9332789db058_5cee62ad2da7.jpg,download_jpeg,0,0,1,14,reviewed,
35,test/images/benchmark_v2_66375b512c0e_9ebd50396ede.jpg,image000001_jpg,0,7,0,14,reviewed,
36,test/images/benchmark_v2_9a01d659a741_05ba7358e4f1.jpg,image000002_JPG,1,0,1,10,reviewed,
37,test/images/benchmark_v2_8a8c8f2ece78_fe5db212eea7.jpg,image000003_jpg,4,4,8,14,reviewed,
38,test/images/benchmark_v2_f0771fddd552_6593913fc922.jpg,image000004_jpg,0,0,6,18,reviewed,
39,test/images/benchmark_v2_a6cf08cc3965_b47a574ba158.jpg,image000005_jpg,0,0,6,16,reviewed,
40,test/images/benchmark_v2_ba690e9e0912_e94afce0cb79.jpg,image000006_jpg,0,1,0,12,reviewed,
41,test/images/benchmark_v2_837d87638731_056b7f7dbd58.jpg,image000007_JPG,0,0,5,12,reviewed,
42,test/images/benchmark_v2_958748eb9bb9_aeda925c60f6.jpg,image000008_jpg,4,0,0,16,reviewed,
43,test/images/benchmark_v2_6c555f3c0edf_bebe67ce5c90.jpg,image000009_jpg,1,1,1,16,reviewed,
44,test/images/benchmark_v2_d6fffa3b7e45_776ba9e15051.jpg,image000010_jpg,0,0,10,14,reviewed,
45,test/images/benchmark_v2_ffa10e495df7_a5fe6f407216.jpg,image000011_JPG,0,0,4,14,reviewed,
46,test/images/benchmark_v2_a760f9f72dde_caebd39fcf26.jpg,image000014_jpg,0,10,2,14,reviewed,
47,test/images/benchmark_v2_ee8f3fdc4d25_3c5039d599cd.jpg,image000015_jpg,1,0,0,14,reviewed,
48,test/images/benchmark_v2_e4eb4ec28518_d220d50c38e1.jpg,image000016_JPG,1,1,1,10,reviewed,
49,test/images/benchmark_v2_5513f762782f_80f62d72b1ec.jpg,image000017_jpg,0,1,1,12,reviewed,
50,test/images/benchmark_v2_642a06c6c101_44f82b551784.jpg,image000018_jpg,0,1,1,14,reviewed,
51,test/images/benchmark_v2_b3f822b6f216_4377de08eec7.jpg,image000019_jpg,1,1,0,16,reviewed,
52,test/images/benchmark_v2_012ed327d4c1_dfd25ce41d1d.jpg,image000020_jpg,0,0,2,14,reviewed,
53,test/images/benchmark_v2_05aca70a7058_2dcf7e2a2348.jpg,image000021_JPG,1,0,0,12,reviewed,
54,test/images/benchmark_v2_0287d175363d_313997e20447.jpg,image000022_jpg,1,0,0,16,reviewed,
55,test/images/benchmark_v2_3cb5d1b72e67_c62de93688ba.jpg,image000023_jpg,0,0,1,14,reviewed,
56,test/images/benchmark_v2_75cb90dcb991_36431863c4af.jpg,image000024_jpg,0,0,1,14,reviewed,
57,test/images/benchmark_v2_d871e415820e_5adc81d59f4c.jpg,image000025_JPG,2,0,0,14,reviewed,
58,test/images/benchmark_v2_6b528b775f09_187d06c04e56.jpg,image000026_jpg,1,0,1,16,reviewed,
59,test/images/benchmark_v2_d7438f23eb23_f6d60f266f4d.jpg,image000027_jpg,0,0,1,16,reviewed,
60,test/images/benchmark_v2_f0dbad925c1d_7ad65b6499c2.jpg,image000028_jpg,1,0,0,18,reviewed,
61,test/images/benchmark_v2_5220c40f08f4_ad4b2ab91512.jpg,image000029_jpg,1,0,0,16,reviewed,
62,test/images/benchmark_v2_1a6b59e73ece_6eecadd4bad0.jpg,image000030_jpg,0,2,0,16,reviewed,
63,test/images/benchmark_v2_c81159bcd282_de43ff961900.jpg,image000031_jpg,2,0,5,18,reviewed,
64,test/images/benchmark_v2_34465bde97ed_b804467d052c.jpg,image000032_JPG,0,0,1,14,reviewed,
65,test/images/benchmark_v2_392b87641a49_00ec4f7a0a2f.jpg,image000033_JPG,1,0,0,14,reviewed,
66,test/images/benchmark_v2_72d93e00b700_6d4289b23c3c.jpg,image000034_jpg,0,2,1,14,reviewed,
67,test/images/benchmark_v2_46b45e31b3c1_4bc6addc78e6.jpg,image000035_jpg,1,2,1,14,reviewed,
68,test/images/benchmark_v2_11c622ebb2f1_7539d526fa05.jpg,image000036_JPG,1,0,0,14,reviewed,
69,test/images/benchmark_v2_67eaa8a54b5d_b12a3c812f21.jpg,image000037_jpg,0,6,0,14,reviewed,
70,test/images/benchmark_v2_c036eafe8ca6_afa45f0ffc2d.jpg,image000038_jpg,0,0,1,14,reviewed,
71,test/images/benchmark_v2_6e0021237ffe_782175aa3089.jpg,image000039_jpg,0,1,0,10,reviewed,
72,test/images/benchmark_v2_6753348b07c5_58a67664a516.jpg,image000040_jpg,1,0,0,18,reviewed,
73,test/images/benchmark_v2_536c7e9ca060_94db72b37a46.jpg,image000041_JPG,1,0,0,14,reviewed,
74,test/images/benchmark_v2_8793adecc376_47f68ecd40dc.jpg,image000042_jpg,0,0,3,16,reviewed,
75,test/images/benchmark_v2_c1357bdec508_b7fa3b3bd2c9.jpg,image000043_jpg,1,0,0,18,reviewed,
76,test/images/benchmark_v2_2cce33529a58_40a24a1b0086.jpg,image000044_jpg,0,0,3,16,reviewed,
77,test/images/benchmark_v2_755925fd1cd0_ef219aa49481.jpg,image000045_jpg,0,5,0,16,reviewed,
78,test/images/benchmark_v2_30d7da2bc6ee_566179e9aae9.jpg,image000046_jpg,0,0,1,14,reviewed,
79,test/images/benchmark_v2_c33f020c6124_adf58f5ec317.jpg,image000047_jpg,6,0,0,14,reviewed,
80,test/images/benchmark_v2_41a3bf62f740_6f4be782be92.jpg,image000048_jpg,1,0,0,14,reviewed,
81,test/images/benchmark_v2_292c8e30eaa2_da6cd5804297.jpg,image000049_jpg,3,0,0,14,reviewed,
82,test/images/benchmark_v2_f0c84b3c8b7e_2e5f14cad6b7.jpg,image000050_jpg,0,0,1,14,reviewed,
83,test/images/benchmark_v2_07de0e47018a_667e9a0b54df.jpg,image000051_jpg,0,0,6,16,reviewed,
84,test/images/benchmark_v2_8cd4f32d20ac_c236c685fff9.jpg,image000052_jpg,0,0,3,14,reviewed,
85,test/images/benchmark_v2_49c2f4a8ef44_6db373ea2a96.jpg,image000053_jpg,5,0,3,16,reviewed,
86,test/images/benchmark_v2_863df1b3e34d_0a89cde121ac.jpg,image000054_jpg,0,5,0,16,reviewed,
87,test/images/benchmark_v2_cadc7ff14f26_0904829bc03f.jpg,image000055_jpg,1,2,2,14,reviewed,
88,test/images/benchmark_v2_92896206357e_9f4d6eafeb71.jpg,image000056_JPG,0,0,2,12,reviewed,
89,test/images/benchmark_v2_caedf47b5799_1cfce60f4a5b.jpg,image000057_jpg,0,0,6,16,reviewed,
90,test/images/benchmark_v2_d58a9f4f9d55_e185d67ad7c6.jpg,image000058_jpg,0,4,0,16,reviewed,
91,test/images/benchmark_v2_5f1e53f27aad_30817d7821b7.jpg,image000059_jpg,0,8,0,16,reviewed,
92,test/images/benchmark_v2_b127e2a6b044_48eca984b943.jpg,image000060_jpg,0,5,0,14,reviewed,
93,test/images/benchmark_v2_6be295b75eaf_0af0d8705675.jpg,image000061_jpg,0,0,3,14,reviewed,
94,test/images/benchmark_v2_da8a2dda5604_2497d3b8958b.jpg,image000062_jpg,1,0,0,14,reviewed,
95,test/images/benchmark_v2_32c144e3faef_88c5765ab7d9.jpg,image000063_jpg,0,1,1,14,reviewed,
96,test/images/benchmark_v2_21859f8e2e8f_5b12a616e54a.jpg,image000064_jpg,0,0,6,16,reviewed,
97,test/images/benchmark_v2_d4ba543511c5_8ab723b4f67b.jpg,image000065_jpg,0,3,0,16,reviewed,
98,test/images/benchmark_v2_f9950f7f3562_ce32d7b32e1d.jpg,image000066_JPG,2,0,9,12,reviewed,
99,test/images/benchmark_v2_c7fdd8b8bd64_087af2a33034.jpg,image000067_JPG,0,0,1,12,reviewed,
100,test/images/benchmark_v2_ad4fdde6bc46_496da45acc32.jpg,image000068_jpg,5,0,0,16,reviewed,
101,test/images/benchmark_v2_a3d5895f0b1d_017df49b09a6.jpg,image000069_jpg,0,2,0,16,reviewed,
102,test/images/benchmark_v2_89902705ab84_6915db9582aa.jpg,image000070_jpg,5,0,1,16,reviewed,
103,test/images/benchmark_v2_990688ae1a6b_75808a7dd623.jpg,image000071_jpg,0,0,1,14,reviewed,
104,test/images/benchmark_v2_1211f0bde909_5599b972a3fc.jpg,image000072_jpg,1,0,0,12,reviewed,
105,test/images/benchmark_v2_8fb4c7dc6d09_bf5c9cd32152.jpg,image000073_jpg,0,0,1,10,reviewed,
106,test/images/benchmark_v2_e59b0e6771ec_46ad3b383653.jpg,image000074_jpg,1,0,0,14,reviewed,
107,test/images/benchmark_v2_4ee0066e5e50_22ba5f467b22.jpg,image000075_jpg,0,0,1,12,reviewed,
108,test/images/benchmark_v2_fabb1b467e1e_e4c3776bf037.jpg,image000076_jpg,1,0,0,14,reviewed,
109,test/images/benchmark_v2_689fc3be17cf_46da5d9aa8b5.jpg,image000077_jpg,0,0,1,14,reviewed,
110,test/images/benchmark_v2_9d005e451d42_528a40315885.jpg,image000078_jpg,1,5,0,18,reviewed,
111,test/images/benchmark_v2_d678d82b5b5b_511d10fc9a4d.jpg,image000079_JPG,0,0,3,12,reviewed,
112,test/images/benchmark_v2_a6ce6480d42a_1511bdb44d8e.jpg,image000080_jpg,2,4,0,16,reviewed,
113,test/images/benchmark_v2_437e193ca1e5_94bd674e2f3d.jpg,image000081_jpg,6,0,0,16,reviewed,
114,test/images/benchmark_v2_b2fbdc8188d7_7e3378f69f6a.jpg,image000082_jpg,1,1,0,14,reviewed,
115,test/images/benchmark_v2_f717dfcdbc8d_30f9b998b4a8.jpg,image000084_jpg,0,0,3,16,reviewed,
116,test/images/benchmark_v2_70c966800fe5_392efe9474a4.jpg,image000085_jpg,0,0,1,18,reviewed,
117,test/images/benchmark_v2_1ba75eccdb4b_8f32d9607212.jpg,image000086_jpg,0,2,1,14,reviewed,
118,test/images/benchmark_v2_f664292373e4_18f8415652ae.jpg,image000087_JPG,0,0,5,14,reviewed,
119,test/images/benchmark_v2_8881b8974e6d_a4c4972126e5.jpg,image000089_jpg,0,0,1,12,reviewed,
120,test/images/benchmark_v2_328bc37012ed_9cf03e0306a0.jpg,image000090_jpg,1,0,0,12,reviewed,
121,test/images/benchmark_v2_4b3013948e9a_5f03c8062793.jpg,image000091_jpg,3,0,0,16,reviewed,
122,test/images/benchmark_v2_c625e79b4209_da2d6eb4bf5c.jpg,image000092_jpg,0,1,1,14,reviewed,
123,test/images/benchmark_v2_96e55871bdc3_92fc9ec122bf.jpg,image000093_jpg,0,0,1,10,reviewed,
124,test/images/benchmark_v2_f3df3fb081e3_11d6fb3ecca1.jpg,image000094_jpg,0,1,0,14,reviewed,
125,test/images/benchmark_v2_7feac2903c3e_4c1a725b7daa.jpg,image000095_jpg,0,0,1,10,reviewed,
126,test/images/benchmark_v2_d014aa12b67a_050040e11f27.jpg,image000096_jpg,2,0,0,14,reviewed,
127,test/images/benchmark_v2_ddb223f07376_43a3945397aa.jpg,image000097_jpg,0,1,1,10,reviewed,
128,test/images/benchmark_v2_2bd202808d2f_46d69680958f.jpg,image000098_jpg,0,0,1,14,reviewed,
129,test/images/benchmark_v2_6456a4178d10_da235c54f9ce.jpg,image000099_jpg,0,0,1,14,reviewed,
130,test/images/benchmark_v2_2966d0866736_8bc2cb8c1aeb.jpg,image000100_JPG,1,0,0,14,reviewed,
131,test/images/benchmark_v2_52979153c5a5_8ff395640204.jpg,image000102_jpg,2,0,0,16,reviewed,
132,test/images/benchmark_v2_f37502f603e0_fbb8e8f94672.jpg,image000103_jpg,0,5,0,16,reviewed,
133,test/images/benchmark_v2_a707a7c19a63_1f923bbc3d31.jpg,image000104_jpg,1,0,0,18,reviewed,
134,test/images/benchmark_v2_7938492a3857_c4dd4370c396.jpg,image000105_jpg,0,1,0,14,reviewed,
135,test/images/benchmark_v2_740631f2000e_793a68ed5190.jpg,image000106_jpg,2,2,0,14,reviewed,
136,test/images/benchmark_v2_035477cde0ec_cca18179783f.jpg,image000107_jpg,0,0,1,12,reviewed,
137,test/images/benchmark_v2_2a7112778c33_18a33124a256.jpg,image000108_jpg,0,1,0,10,reviewed,
138,test/images/benchmark_v2_96cd4668878d_ee9b149635a6.jpg,image000109_jpg,0,5,0,14,reviewed,
139,test/images/benchmark_v2_7dcaa0298600_d323aaae2adc.jpg,image000110_jpg,1,0,0,16,reviewed,
140,test/images/benchmark_v2_356a28ab65ec_96a89345309a.jpg,image000111_jpg,0,2,1,16,reviewed,
141,test/images/benchmark_v2_51ae6e79b0d8_c06f7e6a9c12.jpg,image000112_jpg,0,0,1,14,reviewed,
142,test/images/benchmark_v2_73820ec978dc_06a7a924504c.jpg,image000113_jpg,5,0,0,16,reviewed,
143,test/images/benchmark_v2_d2d58d293b09_b2641189fc88.jpg,image000114_jpg,4,0,0,14,reviewed,
144,test/images/benchmark_v2_2fabc3eb3ca1_efd91c48190f.jpg,image000115_jpg,1,0,1,16,reviewed,
145,test/images/benchmark_v2_e0d0a7378c37_1d1b73b34999.jpg,image000116_jpg,0,2,1,16,reviewed,
146,test/images/benchmark_v2_6b0ec8760ac0_30e682f7b3b3.jpg,image000118_jpg,1,0,0,16,reviewed,
147,test/images/benchmark_v2_9b0e973cb751_b16a783472c4.jpg,image000119_jpg,0,4,0,18,reviewed,
148,test/images/benchmark_v2_6c1b79a13ebb_5305c57ac794.jpg,image000120_jpg,0,1,1,12,reviewed,
149,test/images/benchmark_v2_d9afde843322_2cc2a768e1f1.jpg,image000157_jpg,0,0,18,18,reviewed,
150,test/images/benchmark_v2_41a2692d4fbf_8f0c43fc623c.jpg,image000160_JPG,0,0,3,16,reviewed,
151,test/images/benchmark_v2_eed87b32f9ac_3b318a932cfa.jpg,image000163_jpg,0,0,6,16,reviewed,
152,test/images/benchmark_v2_9b9fb6476220_e900c36569ea.jpg,image000181_jpg,0,0,1,12,reviewed,
153,test/images/benchmark_v2_18f35d4ebb5d_3248801f0bb6.jpg,image000205_JPG,0,0,2,14,reviewed,
154,test/images/benchmark_v2_988ea5a3370f_6be75374685c.jpg,image000210_jpg,11,15,13,16,reviewed,
155,test/images/benchmark_v2_865c68c8cc1a_fffb872930ee.jpg,image000247_jpg,0,0,1,14,reviewed,
156,test/images/benchmark_v2_5fa640527d49_4e0cb99e3900.jpg,image000275_jpg,1,1,0,12,reviewed,
157,test/images/benchmark_v2_80c3d37b7085_33b9de109636.jpg,image000281_jpg,0,0,1,14,reviewed,
158,test/images/benchmark_v2_ae5db105409c_204c729f2e91.jpg,image000282_jpg,0,0,1,16,reviewed,
159,test/images/benchmark_v2_63094c82d25d_5e7970613f16.jpg,image000285_jpg,0,0,3,14,reviewed,
160,test/images/benchmark_v2_b2730cf23615_9c00b04faf18.jpg,image000295_jpg,10,10,16,16,reviewed,
161,test/images/benchmark_v2_c30552f36bf8_c1fd0ebcefd9.jpg,image000299_JPG,0,0,1,14,reviewed,
162,test/images/benchmark_v2_fb534a0ff07a_eac087761ca6.jpg,image000300_JPG,0,0,2,14,reviewed,
163,test/images/benchmark_v2_28bf75a89c8d_b20e98eb32d6.jpg,image000301_jpg,9,0,0,16,reviewed,
164,test/images/benchmark_v2_c91e17d11c5a_b2e4d90c6ea2.jpg,image000309_jpg,5,5,0,12,reviewed,
165,test/images/benchmark_v2_5bebe08f22e4_977a161e0c9b.jpg,image000316_jpg,0,34,2,16,reviewed,
166,test/images/benchmark_v2_429733052e55_82402cae7c80.jpg,image000322_JPG,1,0,0,8,reviewed,
167,test/images/benchmark_v2_8dc24a9cb984_592d1097d61a.jpg,image000325_jpg,2,2,2,14,reviewed,
168,test/images/benchmark_v2_ca0d64bf37af_6dddc5c2db5f.jpg,image000326_jpg,0,0,6,18,reviewed,
169,test/images/benchmark_v2_1415f091b0b9_21ed813d5ea7.jpg,image000327_jpg,0,3,0,16,reviewed,
170,test/images/benchmark_v2_529f4168e06c_fc6d9482bb3c.jpg,image000329_jpg,2,0,0,14,reviewed,
171,test/images/benchmark_v2_b61f03bda83d_5254d8f3e00c.jpg,image000334_JPG,0,0,2,12,reviewed,
172,test/images/benchmark_v2_7cef4cb50e5e_8909cb5ac8c7.jpg,image000339_jpg,2,2,6,14,reviewed,
173,test/images/benchmark_v2_59c3e1e1a969_ae727efb16a1.jpg,image000349_JPG,0,0,1,14,reviewed,
174,test/images/benchmark_v2_62f53451f106_4347cd46d26b.jpg,image000360_JPG,0,0,2,12,reviewed,
175,test/images/benchmark_v2_a6c0bba9c11e_9f8f52451488.jpg,image000390_JPG,0,0,1,14,reviewed,
176,test/images/benchmark_v2_159315b54119_227a96bdd2e0.jpg,image000399_jpg,0,0,1,14,reviewed,
177,test/images/benchmark_v2_f21117dbbc07_1a39ab629d20.jpg,image_a_10_jpeg,0,0,5,16,reviewed,
178,test/images/benchmark_v2_8cc2ef6e9d3a_cef3f0219f89.jpg,image_a_11_jpeg,0,0,3,16,reviewed,
179,test/images/benchmark_v2_eb66ba255e33_b7c127745640.jpg,image_a_13_jpeg,0,0,1,14,reviewed,
180,test/images/benchmark_v2_79536ffe6983_ba10423d2635.jpg,image_a_15_jpeg,0,0,41,14,reviewed,
181,test/images/benchmark_v2_504b6836c476_58ecce17a92a.jpg,image_a_16_jpeg,0,0,2,16,reviewed,
182,test/images/benchmark_v2_0a4b79b60b86_a47a8979309d.jpg,image_a_18_jpeg,0,0,4,18,reviewed,
183,test/images/benchmark_v2_07d6137c5f90_3a1477296e96.jpg,image_a_19_jpeg,0,0,3,16,reviewed,
184,test/images/benchmark_v2_19c65c3e1383_6ccc77613a95.jpg,image_a_1_jpeg,0,0,43,16,reviewed,
185,test/images/benchmark_v2_d735fbea2875_2917051307c9.jpg,image_a_20_jpeg,9,0,21,16,reviewed,
186,test/images/benchmark_v2_9ba8f57455f4_ffc63a8fab94.jpg,image_a_21_jpeg,0,0,12,16,reviewed,
187,test/images/benchmark_v2_978fe20b0d3a_5d2679a45c97.jpg,image_a_22_jpeg,0,0,19,14,reviewed,
188,test/images/benchmark_v2_57ba3c6b2bf2_81e49bb2f2d7.jpg,image_a_23_png,9,0,6,14,reviewed,
189,test/images/benchmark_v2_d99d98ca398b_67b811e80559.jpg,image_a_2_jpeg,0,0,7,16,reviewed,
190,test/images/benchmark_v2_addf89bea013_ecf9a00977c1.jpg,image_a_3_jpeg,5,0,17,18,reviewed,
191,test/images/benchmark_v2_2b5c4d6ecb38_58867ee6a34f.jpg,image_a_6_jpeg,0,0,16,14,reviewed,
192,test/images/benchmark_v2_013b0868ece5_fef7e40caa19.jpg,image_a_7_jpeg,0,0,8,14,reviewed,
193,test/images/benchmark_v2_58cfa8bea07d_fb537013cb57.jpg,image_a_8_jpeg,0,0,5,16,reviewed,
194,test/images/benchmark_v2_1079cad03ee8_6ae45c4dd263.jpg,image_a_9_jpeg,0,0,10,14,reviewed,
195,test/images/benchmark_v2_fe51ed9a0142_90f53652e6f1.jpg,image_b_10_jpeg,0,0,1,14,reviewed,
196,test/images/benchmark_v2_6745542401c5_6bf384de3533.jpg,image_b_11_jpeg,0,0,1,18,reviewed,
197,test/images/benchmark_v2_773dcef2bf86_a77dd72927de.jpg,image_b_12_jpeg,0,0,1,12,reviewed,
198,test/images/benchmark_v2_8111335ca8ac_e4b0f120ea5c.jpg,image_b_13_jpeg,0,0,5,14,reviewed,
199,test/images/benchmark_v2_3745ea964387_be88af7bfa1a.jpg,image_b_14_jpeg,0,0,2,16,reviewed,
200,test/images/benchmark_v2_ea92aebd1eea_386f24abf226.jpg,image_b_15_jpeg,0,0,3,18,reviewed,
201,test/images/benchmark_v2_583f8be1402b_141862db2700.jpg,image_b_1_jpeg,0,0,4,14,reviewed,
202,test/images/benchmark_v2_3d8fdc08af60_e8be84fc1621.jpg,image_b_2_jpeg,0,0,3,12,reviewed,
203,test/images/benchmark_v2_30be647e5cd8_f2f699dc7e81.jpg,image_b_3_jpg,0,0,3,14,reviewed,
204,test/images/benchmark_v2_f59118a0cba8_15b0845decb7.jpg,image_b_4_jpeg,0,0,10,12,reviewed,
205,test/images/benchmark_v2_d3cd3d159abb_5a31f17263a7.jpg,image_b_5_jpeg,0,0,2,10,reviewed,
206,test/images/benchmark_v2_349748661033_5fd877dbb325.jpg,image_b_7_png,0,0,1,16,reviewed,
207,test/images/benchmark_v2_60e99cf865d5_6f10844ad143.jpg,image_b_9_jpeg,0,0,1,12,reviewed,
208,test/images/benchmark_v2_dc18dbba53c1_08cf66cefa80.jpg,image_c_10_jpeg,0,0,21,16,reviewed,
209,test/images/benchmark_v2_40f4ec03f135_21db88daa4f0.jpg,image_c_15_jpeg,0,0,3,14,reviewed,
210,test/images/benchmark_v2_999197bb0861_84006b0b7801.jpg,image_c_16_jpeg,0,0,4,14,reviewed,
211,test/images/benchmark_v2_275ace3c4976_de753f07288e.jpg,image_c_17_jpeg,0,0,10,14,reviewed,
212,test/images/benchmark_v2_46245a41031e_e7d5c359c1e8.jpg,image_c_1_jpeg,0,0,1,14,reviewed,
213,test/images/benchmark_v2_00f25ba4b7c2_49e8c8b23935.jpg,image_c_2_png,0,0,1,16,reviewed,
214,test/images/benchmark_v2_46ba6189649a_60b2fee32f51.jpg,image_c_3_jpeg,0,0,1,16,reviewed,
215,test/images/benchmark_v2_4e3af2d1c82e_49673d2612cf.jpg,image_c_4_jpg,0,0,1,10,reviewed,
216,test/images/benchmark_v2_ac92d3a7e1c1_41ce94db29ca.jpg,image_c_6_jpg,0,0,1,16,reviewed,
217,test/images/benchmark_v2_ce0941a386cf_ac6deeb99160.jpg,image_c_7_jpeg,0,0,2,10,reviewed,
218,test/images/benchmark_v2_13a008ffbcaa_b54d03d32144.jpg,image_c_9_jpeg,0,0,1,12,reviewed,
219,test/images/benchmark_v2_9ad8a715fcbb_fb45201ec973.jpg,images-1-_jpeg,0,0,1,14,reviewed,
220,test/images/benchmark_v2_8b27e4112c1f_97ec6d610e00.jpg,images-10-_jpeg,0,0,5,16,reviewed,
221,test/images/benchmark_v2_d692911c88ad_1671cb5ed07a.jpg,images-11-_jpeg,0,0,14,16,reviewed,
222,test/images/benchmark_v2_10a9645a44a1_66abd743e001.jpg,images-2-_jpeg,0,0,1,14,reviewed,
223,test/images/benchmark_v2_df17d1a01ca3_394bc9e13c63.jpg,images-4-_jpeg,0,0,1,12,reviewed,
224,test/images/benchmark_v2_bd96faf308c9_2d5200a40588.jpg,images-43_jpg,2,0,0,10,reviewed,
225,test/images/benchmark_v2_47634fe90013_2e187d358340.jpg,images-5-_jpeg,0,0,3,16,reviewed,
226,test/images/benchmark_v2_c9b6e86234d6_82c24d568cfb.jpg,images-6-_jpeg,0,0,1,14,reviewed,
227,test/images/benchmark_v2_c1252b6c8626_2d77ba8cf8a5.jpg,images-7-_jpeg,0,0,4,12,reviewed,
228,test/images/benchmark_v2_71e5fb351e69_0fee33a4913f.jpg,images-8-_jpeg,0,0,3,14,reviewed,
229,test/images/benchmark_v2_45efa283fc2c_29bd3bf1dc27.jpg,images-9-_jpeg,0,0,18,14,reviewed,
230,test/images/benchmark_v2_102655ce6f3b_be6e66aa7596.jpg,images11_jpg,1,0,0,12,reviewed,
231,test/images/benchmark_v2_e248b30507ce_9e36336c6a7e.jpg,images12_jpg,0,1,0,12,reviewed,
232,test/images/benchmark_v2_29b890ca2ef7_744db3afea13.jpg,images13_jpg,0,1,0,16,reviewed,
233,test/images/benchmark_v2_378432c8f0c9_ea2d6962e2c0.jpg,images15_jpg,1,0,0,16,reviewed,
234,test/images/benchmark_v2_902b55e18591_ec17975aa2cf.jpg,images19_jpg,1,1,0,14,reviewed,
235,test/images/benchmark_v2_3fe94f06010b_883f38d72523.jpg,images21_jpg,0,1,0,12,reviewed,
236,test/images/benchmark_v2_ca5b8400457f_e426ac00a0c6.jpg,images23_jpg,1,1,0,14,reviewed,
237,test/images/benchmark_v2_989e89983892_1868974bb966.jpg,images24_jpg,1,1,0,12,reviewed,
238,test/images/benchmark_v2_820f865e7411_a3fe5e55e0cb.jpg,images25_jpg,0,2,0,16,reviewed,
239,test/images/benchmark_v2_184f89b4b769_c810b85069ce.jpg,images26_jpg,0,1,0,16,reviewed,
240,test/images/benchmark_v2_3dc07b4539ab_fd7826597e5c.jpg,images28_jpg,1,1,0,14,reviewed,
241,test/images/benchmark_v2_7a4552f4da26_46e9ba17d734.jpg,images29_jpg,0,1,0,18,reviewed,
242,test/images/benchmark_v2_1302bcbc81d1_36cb574b9cba.jpg,images2_jpg,1,1,0,16,reviewed,
243,test/images/benchmark_v2_915e2572fd09_7433fc561a82.jpg,images30_jpg,5,4,0,16,reviewed,
244,test/images/benchmark_v2_63dffb06ee74_e13fe4ed2395.jpg,images3_jpg,1,0,0,16,reviewed,
245,test/images/benchmark_v2_309ac22e57cb_4ca9437523fd.jpg,images4_jpg,1,0,0,14,reviewed,
246,test/images/benchmark_v2_caea9b3d5024_19a9283ca966.jpg,images5_jpg,1,0,0,12,reviewed,
247,test/images/benchmark_v2_f9674fcdbcc6_2d631ee5e18d.jpg,images6_jpg,0,1,0,10,reviewed,
248,test/images/benchmark_v2_a7f4b2a390b9_c95c49b9fc0c.jpg,images7_jpg,0,1,0,14,reviewed,
249,test/images/benchmark_v2_9770af935e77_ca6271a8ee71.jpg,images8_jpg,0,1,0,10,reviewed,
250,test/images/benchmark_v2_7c0ac8e9473e_3783470aaf54.jpg,images_jpeg,0,0,1,14,reviewed,
251,test/images/benchmark_v2_bcccd0cc343d_e30fc89e239d.jpg,images_jpg,1,0,0,12,reviewed,
252,test/images/benchmark_v2_4f6cfcce7ccf_791737db59c5.jpg,images_png_jpg,1,0,0,12,reviewed,
253,test/images/benchmark_v2_38020672a7d7_3efd65ea0e9b.jpg,industrial-nut-RJzmYa3-600_jpg,0,1,0,10,reviewed,
254,test/images/benchmark_v2_c96cbe6124ee_5373f186b2aa.jpg,istockphoto-477682952-612x612_jpg,3,3,3,10,reviewed,
255,test/images/benchmark_v2_6eef82d8dc04_923eae958a9b.jpg,ms-nuts-and-bolts-500x500-1_jpg,2,3,0,14,reviewed,
256,test/images/benchmark_v2_e26da6d30f33_2f04f18086cd.jpg,nut-11934_1280_jpg,1,1,0,14,reviewed,
257,test/images/benchmark_v2_5fe73fd78b86_b5183489996d.jpg,nut_jpg,4,4,0,14,reviewed,
258,test/images/benchmark_v2_fb90253122bc_8b229ef03406.jpg,nuts-bolts_jpeg,4,4,0,14,reviewed,
259,test/images/benchmark_v2_66e9e8acbc45_d293a5320742.jpg,screw-2119327_1280_jpg,1,1,0,18,reviewed,
260,test/images/benchmark_v2_147ceab7e1bb_a65ceeee9ecf.jpg,screw-7487411_1280_jpg,0,1,0,16,reviewed,
